{
    "ppl": {
        "wikitext_ppl": 14.732467197233243,
        "ptb_ppl": 27.14911999377715
    }
}