{
    "ppl": {
        "wikitext_ppl": 14.738577201252921,
        "ptb_ppl": 27.14875512422876
    }
}